{
    "age": 28,
    "region": { "x": 269, "y": 21, "w": 64, "h": 64 },
    "gender": { "Woman": 1.1268730275332928, "Man": 98.8731324672699 },
    "dominant_gender": "Man",
    "race": {
      "asian": 0.004269475175533444,
      "indian": 0.15436699613928795,
      "black": 0.009731158206705004,
      "white": 16.083891689777374,
      "middle eastern": 83.21080803871155,
      "latino hispanic": 0.5369333084672689
    },
    "dominant_race": "middle eastern",
    "emotion": {
      "angry": 0.0027091933588963,
      "disgust": 1.4913542401018276e-6,
      "fear": 68.99976134300232,
      "happy": 29.208293557167053,
      "sad": 1.2900503352284431,
      "surprise": 0.0009341824807052035,
      "neutral": 0.49824798479676247
    },
    "dominant_emotion": "fear"
  }